SKU,Product Name (TH),Description (TH),Price,Compare At Price,Stock,Brand,Model,Parent Category,Category,Status,Featured,Image URLs
RBAR-62,เหล็กเส้นกลม SD30 ขนาด 6mm (2 หุน),เหล็กเส้นกลม มาตรฐาน SD30 ขนาด 6mm (2 หุน) ความยาว 10 เมตร ใช้สำหรับงานคอนกรีตเสริมเหล็กทั่วไป,0,,0,SIAM YAMATO / G STEEL,,เหล็ก,เหล็กเส้น / เหล็กข้ออ้อย,active,false,
RBAR-93,เหล็กเส้นกลม SD30 ขนาด 9mm (3 หุน),เหล็กเส้นกลม มาตรฐาน SD30 ขนาด 9mm (3 หุน) ความยาว 10 เมตร ใช้สำหรับงานคอนกรีตเสริมเหล็กทั่วไป,0,,0,SIAM YAMATO / G STEEL,,เหล็ก,เหล็กเส้น / เหล็กข้ออ้อย,active,false,
RBAR-124,เหล็กเส้นกลม SD30 ขนาด 12mm (4 หุน),เหล็กเส้นกลม มาตรฐาน SD30 ขนาด 12mm (4 หุน) ความยาว 10 เมตร ใช้สำหรับงานคอนกรีตเสริมเหล็กทั่วไป,0,,0,SIAM YAMATO / G STEEL,,เหล็ก,เหล็กเส้น / เหล็กข้ออ้อย,active,false,
RBAR-196,เหล็กเส้นกลม SD30 ขนาด 19mm (6 หุน),เหล็กเส้นกลม มาตรฐาน SD30 ขนาด 19mm (6 หุน) ความยาว 10 เมตร ใช้สำหรับงานคอนกรีตเสริมเหล็กทั่วไป,0,,0,SIAM YAMATO / G STEEL,,เหล็ก,เหล็กเส้น / เหล็กข้ออ้อย,active,false,
RBAR-258,เหล็กเส้นกลม SD30 ขนาด 25mm (8 หุน),เหล็กเส้นกลม มาตรฐาน SD30 ขนาด 25mm (8 หุน) ความยาว 10 เมตร ใช้สำหรับงานคอนกรีตเสริมเหล็กทั่วไป,0,,0,SIAM YAMATO / G STEEL,,เหล็ก,เหล็กเส้น / เหล็กข้ออ้อย,active,false,
DBAR-10,เหล็กข้ออ้อย SD40T ขนาด 10mm,เหล็กข้ออ้อย มาตรฐาน SD40T ขนาด 10mm ความยาว 10 เมตร ใช้สำหรับงานโครงสร้างคอนกรีต,0,,0,SIAM YAMATO / G STEEL / TATA,,เหล็ก,เหล็กเส้น / เหล็กข้ออ้อย,active,false,
DBAR-12,เหล็กข้ออ้อย SD40T ขนาด 12mm,เหล็กข้ออ้อย มาตรฐาน SD40T ขนาด 12mm ความยาว 10 เมตร ใช้สำหรับงานโครงสร้างคอนกรีต,0,,0,SIAM YAMATO / G STEEL / TATA,,เหล็ก,เหล็กเส้น / เหล็กข้ออ้อย,active,false,
DBAR-16,เหล็กข้ออ้อย SD40T ขนาด 16mm,เหล็กข้ออ้อย มาตรฐาน SD40T ขนาด 16mm ความยาว 10 เมตร ใช้สำหรับงานโครงสร้างคอนกรีต,0,,0,SIAM YAMATO / G STEEL / TATA,,เหล็ก,เหล็กเส้น / เหล็กข้ออ้อย,active,false,
DBAR-20,เหล็กข้ออ้อย SD40T ขนาด 20mm,เหล็กข้ออ้อย มาตรฐาน SD40T ขนาด 20mm ความยาว 10 เมตร ใช้สำหรับงานโครงสร้างคอนกรีต,0,,0,SIAM YAMATO / G STEEL / TATA,,เหล็ก,เหล็กเส้น / เหล็กข้ออ้อย,active,false,
DBAR-25,เหล็กข้ออ้อย SD40T ขนาด 25mm,เหล็กข้ออ้อย มาตรฐาน SD40T ขนาด 25mm ความยาว 10 เมตร ใช้สำหรับงานโครงสร้างคอนกรีต,0,,0,SIAM YAMATO / G STEEL / TATA,,เหล็ก,เหล็กเส้น / เหล็กข้ออ้อย,active,false,
DBAR-28,เหล็กข้ออ้อย SD40T ขนาด 28mm,เหล็กข้ออ้อย มาตรฐาน SD40T ขนาด 28mm ความยาว 10 เมตร ใช้สำหรับงานโครงสร้างคอนกรีต,0,,0,SIAM YAMATO / G STEEL / TATA,,เหล็ก,เหล็กเส้น / เหล็กข้ออ้อย,active,false,
DBAR-32,เหล็กข้ออ้อย SD40T ขนาด 32mm,เหล็กข้ออ้อย มาตรฐาน SD40T ขนาด 32mm ความยาว 10 เมตร ใช้สำหรับงานโครงสร้างคอนกรีต,0,,0,SIAM YAMATO / G STEEL / TATA,,เหล็ก,เหล็กเส้น / เหล็กข้ออ้อย,active,false,
HBOX-25X25,เหล็กกล่องดำ 25x25 มม.,เหล็กกล่องรูปพรรณกลวงสี่เหลี่ยม (RHS/SHS) ขนาด 25x25 มม. ความยาว 6 เมตร,0,,0,,,เหล็ก,เหล็กกล่อง,active,false,
HBOX-40X40,เหล็กกล่องดำ 40x40 มม.,เหล็กกล่องรูปพรรณกลวงสี่เหลี่ยม (RHS/SHS) ขนาด 40x40 มม. ความยาว 6 เมตร,0,,0,,,เหล็ก,เหล็กกล่อง,active,false,
HBOX-50X50,เหล็กกล่องดำ 50x50 มม.,เหล็กกล่องรูปพรรณกลวงสี่เหลี่ยม (RHS/SHS) ขนาด 50x50 มม. ความยาว 6 เมตร,0,,0,,,เหล็ก,เหล็กกล่อง,active,false,
HBOX-60X60,เหล็กกล่องดำ 60x60 มม.,เหล็กกล่องรูปพรรณกลวงสี่เหลี่ยม (RHS/SHS) ขนาด 60x60 มม. ความยาว 6 เมตร,0,,0,,,เหล็ก,เหล็กกล่อง,active,false,
HBOX-75X75,เหล็กกล่องดำ 75x75 มม.,เหล็กกล่องรูปพรรณกลวงสี่เหลี่ยม (RHS/SHS) ขนาด 75x75 มม. ความยาว 6 เมตร,0,,0,,,เหล็ก,เหล็กกล่อง,active,false,
HBOX-100X100,เหล็กกล่องดำ 100x100 มม.,เหล็กกล่องรูปพรรณกลวงสี่เหลี่ยม (RHS/SHS) ขนาด 100x100 มม. ความยาว 6 เมตร,0,,0,,,เหล็ก,เหล็กกล่อง,active,false,
HBOX-40X20,เหล็กกล่องดำ 40x20 มม.,เหล็กกล่องรูปพรรณกลวงสี่เหลี่ยม (RHS/SHS) ขนาด 40x20 มม. ความยาว 6 เมตร,0,,0,,,เหล็ก,เหล็กกล่อง,active,false,
HBOX-50X25,เหล็กกล่องดำ 50x25 มม.,เหล็กกล่องรูปพรรณกลวงสี่เหลี่ยม (RHS/SHS) ขนาด 50x25 มม. ความยาว 6 เมตร,0,,0,,,เหล็ก,เหล็กกล่อง,active,false,
HBOX-60X30,เหล็กกล่องดำ 60x30 มม.,เหล็กกล่องรูปพรรณกลวงสี่เหลี่ยม (RHS/SHS) ขนาด 60x30 มม. ความยาว 6 เมตร,0,,0,,,เหล็ก,เหล็กกล่อง,active,false,
HBOX-80X40,เหล็กกล่องดำ 80x40 มม.,เหล็กกล่องรูปพรรณกลวงสี่เหลี่ยม (RHS/SHS) ขนาด 80x40 มม. ความยาว 6 เมตร,0,,0,,,เหล็ก,เหล็กกล่อง,active,false,
HBOX-100X50,เหล็กกล่องดำ 100x50 มม.,เหล็กกล่องรูปพรรณกลวงสี่เหลี่ยม (RHS/SHS) ขนาด 100x50 มม. ความยาว 6 เมตร,0,,0,,,เหล็ก,เหล็กกล่อง,active,false,
CCHAN-60X30X10,เหล็กตัวซีดำ (C-Channel) 60x30x10 มม.,เหล็กรูปพรรณตัวซีดำ ขนาด 60x30x10 มม. ยาว 6 เมตร ใช้ทำโครงหลังคา งานโครงสร้างเบา,0,,0,,,เหล็ก,เหล็กตัวซี,active,false,
CCHAN-75X45X15,เหล็กตัวซีดำ (C-Channel) 75x45x15 มม.,เหล็กรูปพรรณตัวซีดำ ขนาด 75x45x15 มม. ยาว 6 เมตร ใช้ทำโครงหลังคา งานโครงสร้างเบา,0,,0,,,เหล็ก,เหล็กตัวซี,active,false,
CCHAN-100X50X20,เหล็กตัวซีดำ (C-Channel) 100x50x20 มม.,เหล็กรูปพรรณตัวซีดำ ขนาด 100x50x20 มม. ยาว 6 เมตร ใช้ทำโครงหลังคา งานโครงสร้างเบา,0,,0,,,เหล็ก,เหล็กตัวซี,active,false,
CCHAN-125X50X20,เหล็กตัวซีดำ (C-Channel) 125x50x20 มม.,เหล็กรูปพรรณตัวซีดำ ขนาด 125x50x20 มม. ยาว 6 เมตร ใช้ทำโครงหลังคา งานโครงสร้างเบา,0,,0,,,เหล็ก,เหล็กตัวซี,active,false,
CCHAN-150X65X20,เหล็กตัวซีดำ (C-Channel) 150x65x20 มม.,เหล็กรูปพรรณตัวซีดำ ขนาด 150x65x20 มม. ยาว 6 เมตร ใช้ทำโครงหลังคา งานโครงสร้างเบา,0,,0,,,เหล็ก,เหล็กตัวซี,active,false,
FBAR-25X3,เหล็กแบน (Flat Bar) 25x3 มม.,เหล็กแบนรีดร้อน ขนาด 25x3 มม. ความยาว 6 เมตร,0,,0,,,เหล็ก,เหล็กแบน / เหล็กฉาก,active,false,
FBAR-25X4,เหล็กแบน (Flat Bar) 25x4 มม.,เหล็กแบนรีดร้อน ขนาด 25x4 มม. ความยาว 6 เมตร,0,,0,,,เหล็ก,เหล็กแบน / เหล็กฉาก,active,false,
FBAR-25X5,เหล็กแบน (Flat Bar) 25x5 มม.,เหล็กแบนรีดร้อน ขนาด 25x5 มม. ความยาว 6 เมตร,0,,0,,,เหล็ก,เหล็กแบน / เหล็กฉาก,active,false,
FBAR-32X3,เหล็กแบน (Flat Bar) 32x3 มม.,เหล็กแบนรีดร้อน ขนาด 32x3 มม. ความยาว 6 เมตร,0,,0,,,เหล็ก,เหล็กแบน / เหล็กฉาก,active,false,
FBAR-38X5,เหล็กแบน (Flat Bar) 38x5 มม.,เหล็กแบนรีดร้อน ขนาด 38x5 มม. ความยาว 6 เมตร,0,,0,,,เหล็ก,เหล็กแบน / เหล็กฉาก,active,false,
FBAR-50X6,เหล็กแบน (Flat Bar) 50x6 มม.,เหล็กแบนรีดร้อน ขนาด 50x6 มม. ความยาว 6 เมตร,0,,0,,,เหล็ก,เหล็กแบน / เหล็กฉาก,active,false,
FBAR-65X6,เหล็กแบน (Flat Bar) 65x6 มม.,เหล็กแบนรีดร้อน ขนาด 65x6 มม. ความยาว 6 เมตร,0,,0,,,เหล็ก,เหล็กแบน / เหล็กฉาก,active,false,
FBAR-75X6,เหล็กแบน (Flat Bar) 75x6 มม.,เหล็กแบนรีดร้อน ขนาด 75x6 มม. ความยาว 6 เมตร,0,,0,,,เหล็ก,เหล็กแบน / เหล็กฉาก,active,false,
ABAR-25X25X3,เหล็กฉาก (Angle Bar) 25x25x3 มม.,เหล็กฉากรีดร้อน ขนาด 25x25x3 มม. ความยาว 6 เมตร ใช้งานโครงสร้างทั่วไป,0,,0,,,เหล็ก,เหล็กแบน / เหล็กฉาก,active,false,
ABAR-30X30X3,เหล็กฉาก (Angle Bar) 30x30x3 มม.,เหล็กฉากรีดร้อน ขนาด 30x30x3 มม. ความยาว 6 เมตร ใช้งานโครงสร้างทั่วไป,0,,0,,,เหล็ก,เหล็กแบน / เหล็กฉาก,active,false,
ABAR-40X40X4,เหล็กฉาก (Angle Bar) 40x40x4 มม.,เหล็กฉากรีดร้อน ขนาด 40x40x4 มม. ความยาว 6 เมตร ใช้งานโครงสร้างทั่วไป,0,,0,,,เหล็ก,เหล็กแบน / เหล็กฉาก,active,false,
ABAR-50X50X5,เหล็กฉาก (Angle Bar) 50x50x5 มม.,เหล็กฉากรีดร้อน ขนาด 50x50x5 มม. ความยาว 6 เมตร ใช้งานโครงสร้างทั่วไป,0,,0,,,เหล็ก,เหล็กแบน / เหล็กฉาก,active,false,
ABAR-60X60X6,เหล็กฉาก (Angle Bar) 60x60x6 มม.,เหล็กฉากรีดร้อน ขนาด 60x60x6 มม. ความยาว 6 เมตร ใช้งานโครงสร้างทั่วไป,0,,0,,,เหล็ก,เหล็กแบน / เหล็กฉาก,active,false,
ABAR-75X75X6,เหล็กฉาก (Angle Bar) 75x75x6 มม.,เหล็กฉากรีดร้อน ขนาด 75x75x6 มม. ความยาว 6 เมตร ใช้งานโครงสร้างทั่วไป,0,,0,,,เหล็ก,เหล็กแบน / เหล็กฉาก,active,false,
ABAR-100X100X8,เหล็กฉาก (Angle Bar) 100x100x8 มม.,เหล็กฉากรีดร้อน ขนาด 100x100x8 มม. ความยาว 6 เมตร ใช้งานโครงสร้างทั่วไป,0,,0,,,เหล็ก,เหล็กแบน / เหล็กฉาก,active,false,
IBEAM-100X50,เหล็กบีม (I-Beam) 100x50 มม.,เหล็กบีมรีดร้อน ขนาด 100x50 มม. ความยาว 6 เมตร ใช้งานโครงสร้างอาคาร,0,,0,,,เหล็ก,เหล็กบีม,active,false,
IBEAM-150X75,เหล็กบีม (I-Beam) 150x75 มม.,เหล็กบีมรีดร้อน ขนาด 150x75 มม. ความยาว 6 เมตร ใช้งานโครงสร้างอาคาร,0,,0,,,เหล็ก,เหล็กบีม,active,false,
IBEAM-200X100,เหล็กบีม (I-Beam) 200x100 มม.,เหล็กบีมรีดร้อน ขนาด 200x100 มม. ความยาว 6 เมตร ใช้งานโครงสร้างอาคาร,0,,0,,,เหล็ก,เหล็กบีม,active,false,
IBEAM-250X125,เหล็กบีม (I-Beam) 250x125 มม.,เหล็กบีมรีดร้อน ขนาด 250x125 มม. ความยาว 6 เมตร ใช้งานโครงสร้างอาคาร,0,,0,,,เหล็ก,เหล็กบีม,active,false,
IBEAM-300X150,เหล็กบีม (I-Beam) 300x150 มม.,เหล็กบีมรีดร้อน ขนาด 300x150 มม. ความยาว 6 เมตร ใช้งานโครงสร้างอาคาร,0,,0,,,เหล็ก,เหล็กบีม,active,false,
WFBEAM-WF100x100,เหล็กไวด์แฟรงค์ (WF Beam) WF100x100 มม.,เหล็กไวด์แฟรงค์รีดร้อน ขนาด WF100x100 มม. ความยาว 6 เมตร ใช้งานโครงสร้างอาคาร,0,,0,,,เหล็ก,เหล็กบีม,active,false,
WFBEAM-WF125x125,เหล็กไวด์แฟรงค์ (WF Beam) WF125x125 มม.,เหล็กไวด์แฟรงค์รีดร้อน ขนาด WF125x125 มม. ความยาว 6 เมตร ใช้งานโครงสร้างอาคาร,0,,0,,,เหล็ก,เหล็กบีม,active,false,
WFBEAM-WF150x150,เหล็กไวด์แฟรงค์ (WF Beam) WF150x150 มม.,เหล็กไวด์แฟรงค์รีดร้อน ขนาด WF150x150 มม. ความยาว 6 เมตร ใช้งานโครงสร้างอาคาร,0,,0,,,เหล็ก,เหล็กบีม,active,false,
WFBEAM-WF200x200,เหล็กไวด์แฟรงค์ (WF Beam) WF200x200 มม.,เหล็กไวด์แฟรงค์รีดร้อน ขนาด WF200x200 มม. ความยาว 6 เมตร ใช้งานโครงสร้างอาคาร,0,,0,,,เหล็ก,เหล็กบีม,active,false,
WFBEAM-WF250x250,เหล็กไวด์แฟรงค์ (WF Beam) WF250x250 มม.,เหล็กไวด์แฟรงค์รีดร้อน ขนาด WF250x250 มม. ความยาว 6 เมตร ใช้งานโครงสร้างอาคาร,0,,0,,,เหล็ก,เหล็กบีม,active,false,
WFBEAM-WF300x300,เหล็กไวด์แฟรงค์ (WF Beam) WF300x300 มม.,เหล็กไวด์แฟรงค์รีดร้อน ขนาด WF300x300 มม. ความยาว 6 เมตร ใช้งานโครงสร้างอาคาร,0,,0,,,เหล็ก,เหล็กบีม,active,false,
SPIPE-12,"ท่อเหล็กกลมดำ ERW ขนาด 1/2""","ท่อเหล็กกลมดำ มาตรฐาน มอก.107 ขนาด 1/2"" ความยาว 6 เมตร",0,,0,,,เหล็ก,ท่อเหล็ก,active,false,
SPIPE-34,"ท่อเหล็กกลมดำ ERW ขนาด 3/4""","ท่อเหล็กกลมดำ มาตรฐาน มอก.107 ขนาด 3/4"" ความยาว 6 เมตร",0,,0,,,เหล็ก,ท่อเหล็ก,active,false,
SPIPE-1,"ท่อเหล็กกลมดำ ERW ขนาด 1""","ท่อเหล็กกลมดำ มาตรฐาน มอก.107 ขนาด 1"" ความยาว 6 เมตร",0,,0,,,เหล็ก,ท่อเหล็ก,active,false,
SPIPE-1.5,"ท่อเหล็กกลมดำ ERW ขนาด 1.5""","ท่อเหล็กกลมดำ มาตรฐาน มอก.107 ขนาด 1.5"" ความยาว 6 เมตร",0,,0,,,เหล็ก,ท่อเหล็ก,active,false,
SPIPE-2,"ท่อเหล็กกลมดำ ERW ขนาด 2""","ท่อเหล็กกลมดำ มาตรฐาน มอก.107 ขนาด 2"" ความยาว 6 เมตร",0,,0,,,เหล็ก,ท่อเหล็ก,active,false,
SPIPE-3,"ท่อเหล็กกลมดำ ERW ขนาด 3""","ท่อเหล็กกลมดำ มาตรฐาน มอก.107 ขนาด 3"" ความยาว 6 เมตร",0,,0,,,เหล็ก,ท่อเหล็ก,active,false,
SPIPE-4,"ท่อเหล็กกลมดำ ERW ขนาด 4""","ท่อเหล็กกลมดำ มาตรฐาน มอก.107 ขนาด 4"" ความยาว 6 เมตร",0,,0,,,เหล็ก,ท่อเหล็ก,active,false,
GIPIPE-12,"ท่อเหล็กกัลวาไนซ์ GI ขนาด 1/2""","ท่อเหล็กกัลวาไนซ์เคลือบสังกะสี มาตรฐาน มอก.107 ขนาด 1/2"" ความยาว 6 เมตร ป้องกันสนิม",0,,0,,,เหล็ก,เหล็กกัลวาไนซ์ (GI),active,false,
GIPIPE-34,"ท่อเหล็กกัลวาไนซ์ GI ขนาด 3/4""","ท่อเหล็กกัลวาไนซ์เคลือบสังกะสี มาตรฐาน มอก.107 ขนาด 3/4"" ความยาว 6 เมตร ป้องกันสนิม",0,,0,,,เหล็ก,เหล็กกัลวาไนซ์ (GI),active,false,
GIPIPE-1,"ท่อเหล็กกัลวาไนซ์ GI ขนาด 1""","ท่อเหล็กกัลวาไนซ์เคลือบสังกะสี มาตรฐาน มอก.107 ขนาด 1"" ความยาว 6 เมตร ป้องกันสนิม",0,,0,,,เหล็ก,เหล็กกัลวาไนซ์ (GI),active,false,
GIPIPE-1.25,"ท่อเหล็กกัลวาไนซ์ GI ขนาด 1.25""","ท่อเหล็กกัลวาไนซ์เคลือบสังกะสี มาตรฐาน มอก.107 ขนาด 1.25"" ความยาว 6 เมตร ป้องกันสนิม",0,,0,,,เหล็ก,เหล็กกัลวาไนซ์ (GI),active,false,
GIPIPE-1.5,"ท่อเหล็กกัลวาไนซ์ GI ขนาด 1.5""","ท่อเหล็กกัลวาไนซ์เคลือบสังกะสี มาตรฐาน มอก.107 ขนาด 1.5"" ความยาว 6 เมตร ป้องกันสนิม",0,,0,,,เหล็ก,เหล็กกัลวาไนซ์ (GI),active,false,
GIPIPE-2,"ท่อเหล็กกัลวาไนซ์ GI ขนาด 2""","ท่อเหล็กกัลวาไนซ์เคลือบสังกะสี มาตรฐาน มอก.107 ขนาด 2"" ความยาว 6 เมตร ป้องกันสนิม",0,,0,,,เหล็ก,เหล็กกัลวาไนซ์ (GI),active,false,
GIPIPE-2.5,"ท่อเหล็กกัลวาไนซ์ GI ขนาด 2.5""","ท่อเหล็กกัลวาไนซ์เคลือบสังกะสี มาตรฐาน มอก.107 ขนาด 2.5"" ความยาว 6 เมตร ป้องกันสนิม",0,,0,,,เหล็ก,เหล็กกัลวาไนซ์ (GI),active,false,
GIPIPE-3,"ท่อเหล็กกัลวาไนซ์ GI ขนาด 3""","ท่อเหล็กกัลวาไนซ์เคลือบสังกะสี มาตรฐาน มอก.107 ขนาด 3"" ความยาว 6 เมตร ป้องกันสนิม",0,,0,,,เหล็ก,เหล็กกัลวาไนซ์ (GI),active,false,
GIPIPE-4,"ท่อเหล็กกัลวาไนซ์ GI ขนาด 4""","ท่อเหล็กกัลวาไนซ์เคลือบสังกะสี มาตรฐาน มอก.107 ขนาด 4"" ความยาว 6 เมตร ป้องกันสนิม",0,,0,,,เหล็ก,เหล็กกัลวาไนซ์ (GI),active,false,
GIBOX-25X25,เหล็กกล่องกัลวาไนซ์ 25x25 มม.,เหล็กกล่องกัลวาไนซ์เคลือบสังกะสี ขนาด 25x25 มม. ความยาว 6 เมตร,0,,0,,,เหล็ก,เหล็กกัลวาไนซ์ (GI),active,false,
GIBOX-40X40,เหล็กกล่องกัลวาไนซ์ 40x40 มม.,เหล็กกล่องกัลวาไนซ์เคลือบสังกะสี ขนาด 40x40 มม. ความยาว 6 เมตร,0,,0,,,เหล็ก,เหล็กกัลวาไนซ์ (GI),active,false,
GIBOX-50X50,เหล็กกล่องกัลวาไนซ์ 50x50 มม.,เหล็กกล่องกัลวาไนซ์เคลือบสังกะสี ขนาด 50x50 มม. ความยาว 6 เมตร,0,,0,,,เหล็ก,เหล็กกัลวาไนซ์ (GI),active,false,
GIBOX-25X50,เหล็กกล่องกัลวาไนซ์ 25x50 มม.,เหล็กกล่องกัลวาไนซ์เคลือบสังกะสี ขนาด 25x50 มม. ความยาว 6 เมตร,0,,0,,,เหล็ก,เหล็กกัลวาไนซ์ (GI),active,false,
GIBOX-40X60,เหล็กกล่องกัลวาไนซ์ 40x60 มม.,เหล็กกล่องกัลวาไนซ์เคลือบสังกะสี ขนาด 40x60 มม. ความยาว 6 เมตร,0,,0,,,เหล็ก,เหล็กกัลวาไนซ์ (GI),active,false,
GIBOX-50X100,เหล็กกล่องกัลวาไนซ์ 50x100 มม.,เหล็กกล่องกัลวาไนซ์เคลือบสังกะสี ขนาด 50x100 มม. ความยาว 6 เมตร,0,,0,,,เหล็ก,เหล็กกัลวาไนซ์ (GI),active,false,
GICCHAN-C60x30x10,เหล็กตัวซีกัลวาไนซ์ C60x30x10 มม.,เหล็กตัวซีกัลวาไนซ์ ขนาด C60x30x10 มม. ความยาว 6 เมตร ใช้ทำโครงหลังคาโรงงาน,0,,0,,,เหล็ก,เหล็กกัลวาไนซ์ (GI),active,false,
GICCHAN-C75x45x15,เหล็กตัวซีกัลวาไนซ์ C75x45x15 มม.,เหล็กตัวซีกัลวาไนซ์ ขนาด C75x45x15 มม. ความยาว 6 เมตร ใช้ทำโครงหลังคาโรงงาน,0,,0,,,เหล็ก,เหล็กกัลวาไนซ์ (GI),active,false,
GICCHAN-C100x50x20,เหล็กตัวซีกัลวาไนซ์ C100x50x20 มม.,เหล็กตัวซีกัลวาไนซ์ ขนาด C100x50x20 มม. ความยาว 6 เมตร ใช้ทำโครงหลังคาโรงงาน,0,,0,,,เหล็ก,เหล็กกัลวาไนซ์ (GI),active,false,
GICCHAN-C125x50x20,เหล็กตัวซีกัลวาไนซ์ C125x50x20 มม.,เหล็กตัวซีกัลวาไนซ์ ขนาด C125x50x20 มม. ความยาว 6 เมตร ใช้ทำโครงหลังคาโรงงาน,0,,0,,,เหล็ก,เหล็กกัลวาไนซ์ (GI),active,false,
GICCHAN-C150x65x20,เหล็กตัวซีกัลวาไนซ์ C150x65x20 มม.,เหล็กตัวซีกัลวาไนซ์ ขนาด C150x65x20 มม. ความยาว 6 เมตร ใช้ทำโครงหลังคาโรงงาน,0,,0,,,เหล็ก,เหล็กกัลวาไนซ์ (GI),active,false,
UCHAN-U75x38,เหล็กรางน้ำ (U-Channel) U75x38 มม.,เหล็กรูปพรรณรางน้ำ ขนาด U75x38 มม. ความยาว 6 เมตร,0,,0,,,เหล็ก,เหล็กรางน้ำ / U-Channel,active,false,
UCHAN-U100x50,เหล็กรางน้ำ (U-Channel) U100x50 มม.,เหล็กรูปพรรณรางน้ำ ขนาด U100x50 มม. ความยาว 6 เมตร,0,,0,,,เหล็ก,เหล็กรางน้ำ / U-Channel,active,false,
UCHAN-U150x75,เหล็กรางน้ำ (U-Channel) U150x75 มม.,เหล็กรูปพรรณรางน้ำ ขนาด U150x75 มม. ความยาว 6 เมตร,0,,0,,,เหล็ก,เหล็กรางน้ำ / U-Channel,active,false,
UCHAN-U200x75,เหล็กรางน้ำ (U-Channel) U200x75 มม.,เหล็กรูปพรรณรางน้ำ ขนาด U200x75 มม. ความยาว 6 เมตร,0,,0,,,เหล็ก,เหล็กรางน้ำ / U-Channel,active,false,
UCHAN-U250x75,เหล็กรางน้ำ (U-Channel) U250x75 มม.,เหล็กรูปพรรณรางน้ำ ขนาด U250x75 มม. ความยาว 6 เมตร,0,,0,,,เหล็ก,เหล็กรางน้ำ / U-Channel,active,false,
UCHAN-U300x50,เหล็กรางน้ำ (U-Channel) U300x50 มม.,เหล็กรูปพรรณรางน้ำ ขนาด U300x50 มม. ความยาว 6 เมตร,0,,0,,,เหล็ก,เหล็กรางน้ำ / U-Channel,active,false,
SHEET-12,เหล็กแผ่นดำ หนา 1.2mm,"เหล็กแผ่นดำรีดร้อน ขนาด 1,219x2,438 มม. หนา 1.2mm มาตรฐาน มอก.",0,,0,,,เหล็ก,เหล็กแผ่นดำ,active,false,
SHEET-20,เหล็กแผ่นดำ หนา 2.0mm,"เหล็กแผ่นดำรีดร้อน ขนาด 1,219x2,438 มม. หนา 2.0mm มาตรฐาน มอก.",0,,0,,,เหล็ก,เหล็กแผ่นดำ,active,false,
SHEET-30,เหล็กแผ่นดำ หนา 3.0mm,"เหล็กแผ่นดำรีดร้อน ขนาด 1,219x2,438 มม. หนา 3.0mm มาตรฐาน มอก.",0,,0,,,เหล็ก,เหล็กแผ่นดำ,active,false,
SHEET-45,เหล็กแผ่นดำ หนา 4.5mm,"เหล็กแผ่นดำรีดร้อน ขนาด 1,219x2,438 มม. หนา 4.5mm มาตรฐาน มอก.",0,,0,,,เหล็ก,เหล็กแผ่นดำ,active,false,
SHEET-60,เหล็กแผ่นดำ หนา 6.0mm,"เหล็กแผ่นดำรีดร้อน ขนาด 1,219x2,438 มม. หนา 6.0mm มาตรฐาน มอก.",0,,0,,,เหล็ก,เหล็กแผ่นดำ,active,false,
SHEET-90,เหล็กแผ่นดำ หนา 9.0mm,"เหล็กแผ่นดำรีดร้อน ขนาด 1,219x2,438 มม. หนา 9.0mm มาตรฐาน มอก.",0,,0,,,เหล็ก,เหล็กแผ่นดำ,active,false,
WMESH-RB6,ตะแกรงไวร์เมช RB6 (6mm),ตะแกรงไวร์เมช ขนาด RB6 (6mm) แผ่นขนาด 2.2x6 ม. ใช้สำหรับเทพื้น,0,,0,,,เหล็ก,ตะแกรงไวร์เมช,active,false,
WMESH-RB7,ตะแกรงไวร์เมช RB7 (7mm),ตะแกรงไวร์เมช ขนาด RB7 (7mm) แผ่นขนาด 2.2x6 ม. ใช้สำหรับเทพื้น,0,,0,,,เหล็ก,ตะแกรงไวร์เมช,active,false,
WMESH-RB8,ตะแกรงไวร์เมช RB8 (8mm),ตะแกรงไวร์เมช ขนาด RB8 (8mm) แผ่นขนาด 2.2x6 ม. ใช้สำหรับเทพื้น,0,,0,,,เหล็ก,ตะแกรงไวร์เมช,active,false,
WMESH-RB9,ตะแกรงไวร์เมช RB9 (9mm),ตะแกรงไวร์เมช ขนาด RB9 (9mm) แผ่นขนาด 2.2x6 ม. ใช้สำหรับเทพื้น,0,,0,,,เหล็ก,ตะแกรงไวร์เมช,active,false,
WMESH-RB10,ตะแกรงไวร์เมช RB10 (10mm),ตะแกรงไวร์เมช ขนาด RB10 (10mm) แผ่นขนาด 2.2x6 ม. ใช้สำหรับเทพื้น,0,,0,,,เหล็ก,ตะแกรงไวร์เมช,active,false,
STIRRUP-6mmRB6,เหล็กปลอก 6mm (RB6) (ปลอกเสา),เหล็กปลอกดัดสำเร็จรูป ขนาด 6mm (RB6) ปลอกเสา ราคาต่อเส้น,8,,0,,,เหล็ก,เหล็กปลอก (Cut & Bend),active,false,
STIRRUP-9mmRB9,เหล็กปลอก 9mm (RB9) (ปลอกเสา),เหล็กปลอกดัดสำเร็จรูป ขนาด 9mm (RB9) ปลอกเสา ราคาต่อเส้น,15,,0,,,เหล็ก,เหล็กปลอก (Cut & Bend),active,false,
STIRRUP-DB10,เหล็กปลอก DB10 (ปลอกคาน),เหล็กปลอกดัดสำเร็จรูป ขนาด DB10 ปลอกคาน ราคาต่อเส้น,18,,0,,,เหล็ก,เหล็กปลอก (Cut & Bend),active,false,
STIRRUP-DB12,เหล็กปลอก DB12 (ปลอกคาน),เหล็กปลอกดัดสำเร็จรูป ขนาด DB12 ปลอกคาน ราคาต่อเส้น,22,,0,,,เหล็ก,เหล็กปลอก (Cut & Bend),active,false,
BWIRE-1KG,ลวดผูกเหล็ก (ม้วน 1 กก.),ลวดผูกเหล็กมาตรฐาน ขนาดเส้นผ่าศูนย์กลาง 1-1.2 มม. บรรจุ 1 กิโลกรัม,45,,0,,,เหล็ก,เหล็กเส้น / เหล็กข้ออ้อย,active,false,
ZPURL-Z100x50x20,เหล็กรางพับ Z-Purlin Z100x50x20 มม.,เหล็กรางพับ Z-Purlin ขนาด Z100x50x20 มม. ความยาว 6 เมตร ใช้งานโครงหลังคาโรงงาน,0,,0,,,เหล็ก,เหล็กตัวซี,active,false,
ZPURL-Z120x50x20,เหล็กรางพับ Z-Purlin Z120x50x20 มม.,เหล็กรางพับ Z-Purlin ขนาด Z120x50x20 มม. ความยาว 6 เมตร ใช้งานโครงหลังคาโรงงาน,0,,0,,,เหล็ก,เหล็กตัวซี,active,false,
ZPURL-Z150x65x20,เหล็กรางพับ Z-Purlin Z150x65x20 มม.,เหล็กรางพับ Z-Purlin ขนาด Z150x65x20 มม. ความยาว 6 เมตร ใช้งานโครงหลังคาโรงงาน,0,,0,,,เหล็ก,เหล็กตัวซี,active,false,